<?xml version="1.0" encoding="UTF-8"?>
<feature
      id="org.tizen.web.tv.sec.nacl.feature"
      label="NaCl support"
      version="1.1.0.202205161932"
      provider-name="Samsung Electronics">

   <description>
      Provides support for Native Client applications.
   </description>

   <copyright>
      Copyright (c) 2015 Samsung Electronics. All rights reserved.

This software is the confidential and proprietary information
of Samsung Electronics, Inc. (&quot;Confidential Information&quot;).  You
shall not disclose such Confidential Information and shall use
it only in accordance with the terms of the license agreement
you entered into with Samsung.
   </copyright>

   <license url="http://www.example.com/license">
      [Enter license text here]
   </license>

   <requires>
      <import plugin="org.eclipse.ui"/>
      <import plugin="org.eclipse.core.runtime"/>
      <import plugin="org.eclipse.cdt.managedbuilder.core" version="8.3.0" match="greaterOrEqual"/>
      <import plugin="org.eclipse.cdt.core" version="5.6.0" match="greaterOrEqual"/>
      <import plugin="org.eclipse.core.resources" version="3.8.101" match="greaterOrEqual"/>
      <import plugin="org.eclipse.core.commands"/>
      <import plugin="org.tizen.common"/>
      <import plugin="org.eclipse.debug.core"/>
      <import plugin="org.eclipse.debug.ui"/>
      <import plugin="org.eclipse.ui.console"/>
      <import plugin="org.eclipse.ui.ide" version="3.9.2" match="greaterOrEqual"/>
      <import plugin="org.eclipse.core.expressions"/>
      <import plugin="org.tizen.web.common"/>
      <import plugin="org.eclipse.ui.workbench"/>
      <import plugin="org.eclipse.cdt.codan.core" version="3.2.0" match="greaterOrEqual"/>
      <import plugin="org.eclipse.wst.sse.ui"/>
      <import plugin="org.eclipse.core.filesystem" version="1.4.0" match="greaterOrEqual"/>
      <import plugin="org.eclipse.swt"/>
      <import plugin="org.eclipse.jface"/>
      <import plugin="org.eclipse.cdt.dsf.gdb.ui" version="2.4.0" match="greaterOrEqual"/>
      <import plugin="org.eclipse.cdt.debug.core" version="7.4.0" match="greaterOrEqual"/>
      <import plugin="org.eclipse.cdt.dsf.gdb" version="4.3.0" match="greaterOrEqual"/>
      <import plugin="org.eclipse.cdt.ui" version="5.7.0" match="greaterOrEqual"/>
      <import plugin="org.eclipse.cdt.managedbuilder.ui" version="8.2.1" match="greaterOrEqual"/>
      <import plugin="org.eclipse.wst.jsdt.core" version="1.3.1" match="greaterOrEqual"/>
      <import plugin="org.eclipse.cdt.launch" version="7.1.0" match="greaterOrEqual"/>
      <import plugin="org.eclipse.cdt.debug.ui" version="7.3.0" match="greaterOrEqual"/>
      <import plugin="org.eclipse.ltk.core.refactoring" version="3.6.100" match="greaterOrEqual"/>
      <import plugin="org.eclipse.ui.console" version="3.5.200" match="greaterOrEqual"/>
      <import plugin="org.tizen.common.packager"/>
      <import plugin="org.tizen.web.zimlaunch" version="2.0.0" match="greaterOrEqual"/>
      <import plugin="org.tizen.common.sdblib" version="2.0.0" match="greaterOrEqual"/>
      <import plugin="org.tizen.web.tv.sec.launch"/>
   </requires>

   <plugin
         id="org.tizen.web.tv.sec.nacl.builder"
         download-size="0"
         install-size="0"
         version="1.2.0.202205161932"
         unpack="false"/>

   <plugin
         id="org.tizen.web.tv.sec.nacl.preferences"
         download-size="0"
         install-size="0"
         version="1.1.0.202205161932"
         unpack="false"/>

   <plugin
         id="org.tizen.web.tv.sec.nacl.launch"
         download-size="0"
         install-size="0"
         version="1.0.1.202205161932"
         unpack="false"/>

   <plugin
         id="org.tizen.web.tv.sec.nacl.ProjectWizards"
         download-size="0"
         install-size="0"
         version="1.2.1.202205161932"
         unpack="false"/>

   <plugin
         id="mtwizard"
         download-size="0"
         install-size="0"
         version="1.1.0.202205161932"
         unpack="false"/>

   <plugin
         id="org.tizen.web.tv.sec.nacl.common.plugin"
         download-size="0"
         install-size="0"
         version="1.1.0.202205161932"
         unpack="false"/>

   <plugin
         id="org.tizen.web.tv.sec.nacl.debug"
         download-size="0"
         install-size="0"
         version="1.1.0.202205161932"
         unpack="false"/>

   <plugin
         id="org.tizen.web.tv.sec.nacl.adapter"
         download-size="0"
         install-size="0"
         version="1.0.0.202205161932"
         unpack="false"/>

   <plugin
         id="org.tizen.web.tv.sec.nacl.supportenabler"
         download-size="0"
         install-size="0"
         version="1.0.0.202205161932"
         unpack="false"/>

   <plugin
         id="org.tizen.web.tv.sec.nacl.add_nacl_module"
         download-size="0"
         install-size="0"
         version="1.0.0.202205161932"
         unpack="false"/>

   <plugin
         id="org.tizen.web.tv.sec.nacl.tizenwizardadditions"
         download-size="0"
         install-size="0"
         version="1.0.0.202205161932"
         unpack="false"/>

</feature>
