<?xml version="1.0" encoding="UTF-8"?>
<ControllerUI xmlns="http://www.tizen.org/emulator/ui/layout">
    <layoutVersion>2.4</layoutVersion>
    <form name="Basic (US)">
        <normalImage>basic_US_normal.png</normalImage>
        <pressedImage>basic_US_pushed.png</pressedImage>
        <keyList>
            <key name="KEY_POWER">
                <region left="13" top="21" width="36" height="36"/>
                <keycode>116</keycode>
                <tooltip>Power</tooltip>
            </key>
            <key name="KEY_SOURCE">
                <region left="85" top="23" width="36" height="32"/>
                <keycode>64</keycode>
                <tooltip>Source</tooltip>
            </key>
            <key name="KEY_1">
                <region left="10" top="68" width="36" height="26"/>
                <keycode>2</keycode>
                <tooltip>1</tooltip>
            </key>
            <key name="KEY_2">
                <region left="50" top="68" width="36" height="26"/>
                <keycode>3</keycode>
                <tooltip>2</tooltip>
            </key>
            <key name="KEY_3">
                <region left="88" top="68" width="36" height="26"/>
                <keycode>4</keycode>
                <tooltip>3</tooltip>
            </key>
            <key name="KEY_4">
                <region left="10" top="101" width="36" height="26"/>
                <keycode>5</keycode>
                <tooltip>4</tooltip>
            </key>
            <key name="KEY_5">
                <region left="50" top="101" width="36" height="26"/>
                <keycode>6</keycode>
                <tooltip>5</tooltip>
            </key>
            <key name="KEY_6">
                <region left="88" top="101" width="36" height="26"/>
                <keycode>7</keycode>
                <tooltip>6</tooltip>
            </key>
            <key name="KEY_7">
                <region left="10" top="134" width="36" height="26"/>
                <keycode>8</keycode>
                <tooltip>7</tooltip>
            </key>
            <key name="KEY_8">
                <region left="50" top="134" width="36" height="26"/>
                <keycode>9</keycode>
                <tooltip>8</tooltip>
            </key>
            <key name="KEY_9">
                <region left="88" top="134" width="36" height="26"/>
                <keycode>10</keycode>
                <tooltip>9</tooltip>
            </key>
            <key name="KEY_MINUS">
                <region left="10" top="167" width="36" height="26"/>
                <keycode>12</keycode>
                <tooltip>Plus 100</tooltip>
            </key>
            <key name="KEY_0">
                <region left="50" top="167" width="36" height="26"/>
                <keycode>11</keycode>
                <tooltip>0</tooltip>
            </key>
            <key name="KEY_PRECH">
                <region left="88" top="167" width="36" height="26"/>
                <keycode>182</keycode>
                <tooltip>Prev</tooltip>
            </key>
            <key name="KEY_VOL_UP">
                <region left="10" top="204" width="40" height="38"/>
                <keycode>68</keycode>
                <tooltip>VOL+</tooltip>
            </key>
            <key name="KEY_VOL_DOWN">
                <region left="10" top="242" width="40" height="38"/>
                <keycode>67</keycode>
                <tooltip>VOL-</tooltip>
            </key>
            <key name="KEY_MUTE">
                <region left="56" top="204" width="26" height="34"/>
                <keycode>66</keycode>
                <tooltip>Mute</tooltip>
            </key>
            <key name="KEY_CH_LIST">
                <region left="56" top="244" width="26" height="34"/>
                <keycode>65</keycode>
                <tooltip>Channel List</tooltip>
            </key>
            <key name="KEY_CH_UP">
                <region left="85" top="204" width="40" height="38"/>
                <keycode>88</keycode>
                <tooltip>CH+</tooltip>
            </key>
            <key name="KEY_CH_DOWN">
                <region left="85" top="242" width="40" height="38"/>
                <keycode>87</keycode>
                <tooltip>CH-</tooltip>
            </key>
            <key name="KEY_MENU">
                <region left="10" top="289" width="36" height="28"/>
                <keycode>125</keycode>
                <tooltip>Menu</tooltip>
            </key>
            <key name="KEY_HOME">
                <region left="50" top="281" width="36" height="46"/>
                <keycode>63</keycode>
                <tooltip>Smart Hub</tooltip>
            </key>
            <key name="KEY_GUIDE">
                <region left="88" top="289" width="36" height="28"/>
                <keycode>130</keycode>
                <tooltip>Guide</tooltip>
            </key>
            <key name="KEY_TOOLS">
                <region left="10" top="332" width="36" height="28"/>
                <keycode>127</keycode>
                <tooltip>Tools</tooltip>
            </key>
            <key name="KEY_INFO">
                <region left="88" top="332" width="36" height="28"/>
                <keycode>188</keycode>
                <tooltip>Info</tooltip>
            </key>
            <key name="KEY_RETURN">
                <region left="10" top="395" width="36" height="28"/>
                <keycode>1</keycode>
                <tooltip>Back</tooltip>
            </key>
            <key name="KEY_EXIT">
                <region left="88" top="395" width="36" height="28"/>
                <keycode>174</keycode>
                <tooltip>Exit</tooltip>
            </key>
            <key name="KEY_UP">
                <region left="53" top="328" width="28" height="33"/>
                <keycode>103</keycode>
                <tooltip>Up</tooltip>
            </key>
            <key name="KEY_LEFT">
                <region left="15" top="364" width="34" height="26"/>
                <keycode>105</keycode>
                <tooltip>Left</tooltip>
            </key>
            <key name="KEY_RIGHT">
                <region left="85" top="364" width="34" height="26"/>
                <keycode>106</keycode>
                <tooltip>Right</tooltip>
            </key>
            <key name="KEY_DOWN">
                <region left="53" top="393" width="28" height="33"/>
                <keycode>108</keycode>
                <tooltip>Down</tooltip>
            </key>
            <key name="KEY_OK">
                <region left="53" top="364" width="28" height="24"/>
                <keycode>28</keycode>
                <tooltip>Ok</tooltip>
            </key>
            <key name="KEY_RED">
                <region left="10" top="431" width="26" height="18"/>
                <keycode>59</keycode>
                <tooltip>A</tooltip>
            </key>
            <key name="KEY_GREEN">
                <region left="40" top="431" width="26" height="18"/>
                <keycode>60</keycode>
                <tooltip>B</tooltip>
            </key>
            <key name="KEY_YELLOW">
                <region left="70" top="431" width="26" height="18"/>
                <keycode>61</keycode>
                <tooltip>C</tooltip>
            </key>
            <key name="KEY_CYAN">
                <region left="99" top="431" width="26" height="18"/>
                <keycode>62</keycode>
                <tooltip>D</tooltip>
            </key>
            <key name="KEY_CAPTION">
                <region left="11" top="456" width="36" height="18"/>
                <keycode>213</keycode>
                <tooltip>CC</tooltip>
            </key>
            <key name="KEY_MTS">
                <region left="51" top="456" width="36" height="18"/>
                <keycode>187</keycode>
                <tooltip>MTS</tooltip>
            </key>
            <key name="KEY_PICTURE_SIZE">
                <region left="89" top="456" width="36" height="18"/>
                <keycode>132</keycode>
                <tooltip>Picture Size</tooltip>
            </key>
            <key name="KEY_KEYPAD">
                <region left="11" top="482" width="36" height="18"/>
                <keycode>140</keycode>
                <tooltip>KeyPad</tooltip>
            </key>
            <key name="KEY_SEARCH">
                <region left="51" top="482" width="36" height="18"/>
                <keycode>217</keycode>
                <tooltip>Search</tooltip>
            </key>
            <key name="KEY_3D">
                <region left="89" top="482" width="36" height="18"/>
                <keycode>191</keycode>
                <tooltip>3D</tooltip>
            </key>
            <key name="KEY_REWIND">
                <region left="11" top="519" width="36" height="18"/>
                <keycode>168</keycode>
                <tooltip>Rewind</tooltip>
            </key>
            <key name="KEY_PAUSE">
                <region left="51" top="519" width="36" height="18"/>
                <keycode>201</keycode>
                <tooltip>Pause</tooltip>
            </key>
            <key name="KEY_FF">
                <region left="89" top="519" width="36" height="18"/>
                <keycode>208</keycode>
                <tooltip>FF</tooltip>
            </key>
            <key name="KEY_REC">
                <region left="11" top="545" width="36" height="18"/>
                <keycode>167</keycode>
                <tooltip>Rec</tooltip>
            </key>
            <key name="KEY_PLAY">
                <region left="51" top="545" width="36" height="18"/>
                <keycode>200</keycode>
                <tooltip>Play</tooltip>
            </key>
            <key name="KEY_STOP">
                <region left="89" top="545" width="36" height="18"/>
                <keycode>166</keycode>
            <tooltip>Stop</tooltip>
            </key>
        </keyList>
        <hover>
            <color R="255" G="255" B="255"/>
        </hover>
    </form>
</ControllerUI>
