<?xml version="1.0" encoding="UTF-8"?>
<ControllerUI xmlns="http://www.tizen.org/emulator/ui/layout">
    <layoutVersion>2.4</layoutVersion>
    <form name="Smart (2016)">
        <normalImage>smart_2016_nml.png</normalImage>
        <pressedImage>smart_2016_pushed.png</pressedImage>
        <keyList>
            <key name="KEY_POWER">
                <region left="5" top="14" width="30" height="30"/>
                <keycode>116</keycode>
                <tooltip>Power</tooltip>
            </key>
            <key name="KEY_KEYPAD">
                <region left="5" top="78" width="30" height="30"/>
                <keycode>140</keycode>
                <tooltip>Menu/123</tooltip>
            </key>
            <key name="KEY_EXTRA">
                <region left="65" top="79" width="30" height="30"/>
                <keycode>377</keycode>
                <tooltip>Extra</tooltip>
            </key>
            <key name="KEY_UP">
                <region left="32" top="107" width="36" height="26"/>
                <keycode longPress="103">103</keycode>
                <tooltip>Up</tooltip>
            </key>
            <key name="KEY_LEFT">
                <region left="4" top="137" width="27" height="37"/>
                <keycode longPress="105">105</keycode>
                <tooltip>Left</tooltip>
            </key>
            <key name="KEY_OK">
                <region left="36" top="141" width="28" height="25"/>
                <keycode longPress="28">28</keycode>
                <tooltip>Ok</tooltip>
            </key>
            <key name="KEY_RIGHT">
                <region left="72" top="139" width="21" height="35"/>
                <keycode longPress="106">106</keycode>
                <tooltip>Right</tooltip>
            </key>
            <key name="KEY_DOWN">
                <region left="35" top="175" width="32" height="20"/>
                <keycode longPress="108">108</keycode>
                <tooltip>Down</tooltip>
            </key>
            <key name="KEY_RETURN">
                <region left="6" top="199" width="28" height="28"/>
                <keycode longPress="174">1</keycode>
                <tooltip>Return/Exit</tooltip>
            </key>
            <key name="KEY_HOME">
                <region left="36" top="213" width="29" height="28"/>
                <keycode>63</keycode>
                <tooltip>Smart Hub</tooltip>
            </key>
            <key name="KEY_PLAY_PAUSE">
                <region left="67" top="198" width="29" height="29"/>
                <keycode>244</keycode>
                <tooltip>Play/Pause</tooltip>
            </key>             
            <key name="KEY_VOL_UP">
                <region left="8" top="243" width="43" height="9"/>
                <keycode>68</keycode>
                <tooltip>VOL+</tooltip>
            </key>
            <key name="KEY_MUTE">
                <region left="8" top="253" width="42" height="9"/>
                <keycode>66</keycode>
                <tooltip>Mute</tooltip>
            </key>
            <key name="KEY_VOL_DOWN">
                <region left="8" top="263" width="43" height="9"/>
                <keycode>67</keycode>
                <tooltip>VOL-</tooltip>
            </key>
            <key name="KEY_CH_UP">
                <region left="51" top="243" width="43" height="9"/>
                <keycode>88</keycode>
                <tooltip>CH+</tooltip>
            </key>
            <key name="KEY_GUIDE">
                <region left="51" top="253" width="43" height="9"/>
                <keycode>130</keycode>
                <tooltip>Guide</tooltip>
            </key>            
            <key name="KEY_CH_DOWN">
                <region left="51" top="263" width="43" height="9"/>
                <keycode>87</keycode>
                <tooltip>CH-</tooltip>
            </key>
        </keyList>
        <hover>
            <color R="255" G="255" B="255"/>
        </hover>
    </form>
</ControllerUI>
