<?xml version="1.0" encoding="UTF-8" standalone="yes"?>
<DeviceConfiguration xmlns="http://www.tizen.org/template">
    <baseInformation>
        <name>HD1080 TV</name>
        <type>standard</type>
        <profile>tv</profile>
        <version>1.0</version>
        <priority>0</priority>
    </baseInformation>
    <display>
        <resolution width="1920" height="1080"/>
        <screenSize unit="inch" value="32"/>
        <skin shape="square"/>
    </display>
    <ram>
        <size unit="MB" value="512"/>
    </ram>
    <cpu count="4"/>
</DeviceConfiguration>
