<?xml version="1.0" encoding="UTF-8"?>
<ControllerUI xmlns="http://www.tizen.org/emulator/ui/layout">
    <layoutVersion>2.4</layoutVersion>
    <form name="Smart (2015)">
        <normalImage>smart_2015_nml.png</normalImage>
        <pressedImage>smart_2015_pushed.png</pressedImage>
        <keyList>
            <key name="KEY_POWER">
                <region left="11" top="7" width="33" height="27"/>
                <keycode>116</keycode>
                <tooltip>Power</tooltip>
            </key>
            <key name="KEY_KEYPAD">
                <region left="60" top="38" width="48" height="25"/>
                <keycode>140</keycode>
                <tooltip>Menu/123</tooltip>
            </key>
            <key name="KEY_POINTER">
                <region left="42" top="70" width="37" height="51"/>
                <keycode>-999</keycode>
                <tooltip>not supported</tooltip>
            </key>
            <key name="KEY_VOL_UP">
                <region left="11" top="63" width="24" height="25"/>
                <keycode>68</keycode>
                <tooltip>VOL+</tooltip>
            </key>
            <key name="KEY_VOL_DOWN">
                <region left="11" top="102" width="24" height="25"/>
                <keycode>67</keycode>
                <tooltip>VOL-</tooltip>
            </key>
            <key name="KEY_CH_UP">
                <region left="84" top="63" width="24" height="25"/>
                <keycode>88</keycode>
                <tooltip>CH+</tooltip>
            </key>
            <key name="KEY_CH_DOWN">
                <region left="84" top="102" width="24" height="25"/>
                <keycode>87</keycode>
                <tooltip>CH-</tooltip>
            </key>
            <key name="KEY_UP">
                <region left="41" top="131" width="37" height="25"/>
                <keycode longPress="103">103</keycode>
                <tooltip>Up</tooltip>
            </key>
            <key name="KEY_LEFT">
                <region left="11" top="150" width="28" height="37"/>
                <keycode longPress="105">105</keycode>
                <tooltip>Left</tooltip>
            </key>
            <key name="KEY_OK">
                <region left="41" top="158" width="37" height="20"/>
                <keycode longPress="28">28</keycode>
                <tooltip>Ok</tooltip>
            </key>
            <key name="KEY_RIGHT">
                <region left="81" top="150" width="28" height="37"/>
                <keycode longPress="106">106</keycode>
                <tooltip>Right</tooltip>
            </key>
            <key name="KEY_DOWN">
                <region left="41" top="180" width="37" height="25"/>
                <keycode longPress="108">108</keycode>
                <tooltip>Down</tooltip>
            </key>
            <key name="KEY_HOME">
                <region left="45" top="240" width="29" height="35"/>
                <keycode>63</keycode>
                <tooltip>Smart Hub</tooltip>
            </key>
            <key name="KEY_RETURN">
                <region left="11" top="208" width="37" height="27"/>
                <keycode longPress="174">1</keycode>
                <tooltip>Return/Exit</tooltip>
            </key>
            <key name="KEY_PLAY_PAUSE">
                <region left="44" top="208" width="31" height="27"/>
                <keycode>244</keycode>
                <tooltip>Play/Pause</tooltip>
            </key>
            <key name="KEY_EXTRA">
                <region left="76" top="208" width="37" height="27"/>
                <keycode>245</keycode>
                <tooltip>Extra</tooltip>
            </key>
            <key name="KEY_MUTE">
                <region left="0" top="54" width="6" height="48"/>
                <keycode>66</keycode>
                <tooltip>Mute</tooltip>
            </key>
        </keyList>
        <hover>
            <color R="255" G="255" B="255"/>
        </hover>
    </form>
</ControllerUI>
